{"scaling_factors": [9.999999747378752e-05, 0.0003162277571391314, 0.0010000000474974513, 0.003162277629598975, 0.009999999776482582, 0.03162277489900589, 0.10000000149011612, 0.3162277638912201, 1.0, 3.1622776985168457, 10.0, 31.62277603149414, 100.0, 316.2277526855469, 1000.0, 3162.277587890625, 10000.0], "lambdahats": [[537.292236328125, 541.4329833984375, 538.1932983398438, 527.564453125, 533.3807983398438], [536.3900756835938, 524.4710083007812, 539.8281860351562, 540.0093383789062, 540.7716064453125], [532.7889404296875, 547.9790649414062, 527.0955810546875, 535.1737670898438, 546.1099243164062], [533.8156127929688, 535.4840698242188, 527.9735107421875, 536.9324340820312, 534.994873046875], [536.5775756835938, 536.263916015625, 532.1449584960938, 539.1386108398438, 533.038330078125], [546.3380737304688, 534.15185546875, 535.8194580078125, 546.7161254882812, 538.6322021484375], [543.5659790039062, 536.5159912109375, 541.3035888671875, 539.6103515625, 548.7824096679688], [533.203125, 546.3930053710938, 533.4760131835938, 528.2279663085938, 537.4659423828125], [537.6581420898438, 536.3054809570312, 539.775390625, 537.3690185546875, 539.37548828125], [548.561279296875, 533.3369140625, 532.6673583984375, 539.65234375, 540.4755859375], [530.45849609375, 537.82275390625, 541.420166015625, 531.4849243164062, 541.525146484375], [531.7836303710938, 545.5888061523438, 538.8048706054688, 531.4375, 541.767333984375], [525.8493041992188, 523.9313354492188, 536.0718994140625, 534.9580078125, 544.8526000976562], [554.953125, 529.9044799804688, 535.0717163085938, 540.0011596679688, 538.8110961914062], [534.7008666992188, 529.0725708007812, 547.6231079101562, 545.0659790039062, 528.5537109375], [527.1089477539062, 528.8934936523438, 542.6832275390625, 528.5521850585938, 542.9204711914062], [538.9987182617188, 537.9764404296875, 530.8578491210938, 539.4244384765625, 535.230224609375]]}