{"scaling_factors": [9.999999747378752e-05, 0.0003162277571391314, 0.0010000000474974513, 0.003162277629598975, 0.009999999776482582, 0.03162277489900589, 0.10000000149011612, 0.3162277638912201, 1.0, 3.1622776985168457, 10.0, 31.62277603149414, 100.0, 316.2277526855469, 1000.0, 3162.277587890625, 10000.0], "lambdahats": [[173.99740600585938, 173.74806213378906, 168.34881591796875, 168.26902770996094, 161.14703369140625], [173.99752807617188, 173.7481689453125, 168.34890747070312, 168.26889038085938, 161.14706420898438], [173.9972686767578, 173.74815368652344, 168.34886169433594, 168.26890563964844, 161.1470184326172], [173.99761962890625, 173.74813842773438, 168.34886169433594, 168.26893615722656, 161.14698791503906], [173.997314453125, 173.74815368652344, 168.3489227294922, 168.26893615722656, 161.1470947265625], [173.99740600585938, 173.74826049804688, 168.34886169433594, 168.2688446044922, 161.14698791503906], [173.9972381591797, 173.74826049804688, 168.34878540039062, 168.26890563964844, 161.14698791503906], [173.99717712402344, 173.74813842773438, 168.34881591796875, 168.26893615722656, 161.14706420898438], [173.9976806640625, 173.7481689453125, 168.34881591796875, 168.26890563964844, 161.14707946777344], [173.99765014648438, 173.74810791015625, 168.3489227294922, 168.26890563964844, 161.14703369140625], [173.99742126464844, 173.74813842773438, 168.34881591796875, 168.26893615722656, 161.14698791503906], [173.99720764160156, 173.74806213378906, 168.34878540039062, 168.2689666748047, 161.14698791503906], [173.99755859375, 173.74827575683594, 168.34884643554688, 168.26889038085938, 161.14698791503906], [173.99720764160156, 173.74827575683594, 168.34884643554688, 168.26890563964844, 161.14706420898438], [173.99742126464844, 173.74810791015625, 168.34890747070312, 168.26893615722656, 161.14710998535156], [173.99737548828125, 173.7481689453125, 168.3488311767578, 168.26893615722656, 161.1470184326172], [173.99757385253906, 173.74815368652344, 168.34890747070312, 168.26873779296875, 161.14707946777344]]}