{
    "scaling_factors": [
        9.999999747378752e-05,
        0.0003162277571391314,
        0.0010000000474974513,
        0.003162277629598975,
        0.009999999776482582,
        0.03162277489900589,
        0.10000000149011612,
        0.3162277638912201,
        1.0,
        3.1622776985168457,
        10.0,
        31.62277603149414,
        100.0,
        316.2277526855469,
        1000.0,
        3162.277587890625,
        10000.0
    ],
    "lambdahats": [
        [
            170.50279235839844,
            161.4305877685547,
            169.66099548339844,
            169.3265380859375,
            163.98867797851562
        ],
        [
            167.17835998535156,
            166.9295654296875,
            168.0133514404297,
            169.23976135253906,
            169.22747802734375
        ],
        [
            168.69898986816406,
            164.85105895996094,
            161.24069213867188,
            171.5030059814453,
            170.40354919433594
        ],
        [
            162.96212768554688,
            166.5228271484375,
            163.3561553955078,
            165.20199584960938,
            171.1497039794922
        ],
        [
            165.06724548339844,
            166.6904754638672,
            166.74813842773438,
            161.5041961669922,
            163.4188690185547
        ],
        [
            170.7909698486328,
            166.7932586669922,
            166.5895538330078,
            165.01956176757812,
            168.03720092773438
        ],
        [
            163.37808227539062,
            168.43411254882812,
            167.8756561279297,
            162.71194458007812,
            169.00399780273438
        ],
        [
            169.15960693359375,
            167.08592224121094,
            162.31939697265625,
            169.64089965820312,
            166.6115264892578
        ],
        [
            170.35617065429688,
            169.87184143066406,
            166.91677856445312,
            168.925048828125,
            166.18807983398438
        ],
        [
            170.50587463378906,
            166.23751831054688,
            167.7157440185547,
            165.781982421875,
            165.8352813720703
        ],
        [
            162.98231506347656,
            163.19708251953125,
            167.30662536621094,
            165.10487365722656,
            165.27749633789062
        ],
        [
            165.4149627685547,
            171.4086456298828,
            163.7764434814453,
            167.9693603515625,
            169.3421173095703
        ],
        [
            165.596923828125,
            163.71409606933594,
            167.31446838378906,
            168.08457946777344,
            166.98475646972656
        ],
        [
            162.84625244140625,
            162.91802978515625,
            168.0983123779297,
            166.55740356445312,
            167.15518188476562
        ],
        [
            168.3867645263672,
            166.1881561279297,
            163.3540496826172,
            160.99253845214844,
            167.2419891357422
        ],
        [
            166.40228271484375,
            161.728515625,
            166.87359619140625,
            166.93975830078125,
            163.72804260253906
        ],
        [
            165.23387145996094,
            159.03936767578125,
            168.5162811279297,
            166.48971557617188,
            166.0788116455078
        ]
    ]
}