{"scaling_factors": [9.999999747378752e-05, 0.0003162277571391314, 0.0010000000474974513, 0.003162277629598975, 0.009999999776482582, 0.03162277489900589, 0.10000000149011612, 0.3162277638912201, 1.0, 3.1622776985168457, 10.0, 31.62277603149414, 100.0, 316.2277526855469, 1000.0, 3162.277587890625, 10000.0], "lambdahats": [[1124.1483154296875, 1109.6116943359375, 1094.1163330078125, 1108.979736328125, 1111.0948486328125], [1109.0704345703125, 1097.50341796875, 1107.1256103515625, 1098.681396484375, 1109.3028564453125], [1118.3760986328125, 1098.3809814453125, 1101.608154296875, 1099.557373046875, 1119.5595703125], [1112.6376953125, 1101.9544677734375, 1108.19921875, 1112.421875, 1121.242431640625], [1082.698974609375, 1117.5989990234375, 1101.6943359375, 1089.249755859375, 1117.739990234375], [1120.0352783203125, 1124.1578369140625, 1135.573486328125, 1105.2254638671875, 1107.48046875], [1113.760986328125, 1100.131591796875, 1132.0445556640625, 1125.707763671875, 1096.1307373046875], [1115.1182861328125, 1098.8045654296875, 1113.389404296875, 1118.9598388671875, 1108.716064453125], [1113.1151123046875, 1106.5289306640625, 1111.3917236328125, 1105.1048583984375, 1097.734375], [1095.41943359375, 1103.839599609375, 1109.5706787109375, 1124.6776123046875, 1113.2672119140625], [1081.8504638671875, 1116.91650390625, 1110.683837890625, 1119.041015625, 1088.3917236328125], [1122.751953125, 1106.0888671875, 1113.3475341796875, 1132.4527587890625, 1116.092041015625], [1115.5262451171875, 1124.4718017578125, 1116.5924072265625, 1123.879638671875, 1111.7205810546875], [1106.85400390625, 1123.654052734375, 1117.2974853515625, 1125.8726806640625, 1118.9014892578125], [1095.3778076171875, 1126.0792236328125, 1105.010498046875, 1124.2796630859375, 1117.6243896484375], [1114.93505859375, 1112.0394287109375, 1105.3812255859375, 1118.576416015625, 1101.2152099609375], [1098.3441162109375, 1098.859130859375, 1122.245361328125, 1110.1005859375, 1090.24365234375]]}