{
    "dataset_sizes": [
        100,
        316,
        1000,
        3162,
        10000,
        31623,
        100000
    ],
    "SGLD": {
        "lambdas": [
            [
                57.37425994873047,
                57.60322952270508,
                55.59379577636719,
                52.4981689453125,
                51.65175247192383
            ],
            [
                90.11341857910156,
                88.00234985351562,
                87.2174301147461,
                84.71837615966797,
                83.54853057861328
            ],
            [
                140.54531860351562,
                135.913818359375,
                138.0520782470703,
                133.38619995117188,
                136.6833038330078
            ],
            [
                216.7156219482422,
                210.0811767578125,
                211.4884490966797,
                207.4788055419922,
                210.2639923095703
            ],
            [
                296.7646179199219,
                295.031005859375,
                297.7831115722656,
                286.37640380859375,
                298.7560119628906
            ],
            [
                344.8536071777344,
                350.6094055175781,
                355.47833251953125,
                342.5532531738281,
                353.2110900878906
            ],
            [
                357.1268005371094,
                359.12408447265625,
                362.73468017578125,
                350.6711120605469,
                349.2572021484375
            ]
        ],
        "times": [
            [
                33.13397693634033,
                31.66882586479187,
                32.193074226379395,
                33.36083197593689,
                31.509000062942505
            ],
            [
                32.32085371017456,
                31.303765296936035,
                33.534610748291016,
                31.8625328540802,
                32.6684365272522
            ],
            [
                32.47716474533081,
                31.702524423599243,
                31.822795629501343,
                32.38638710975647,
                32.265281200408936
            ],
            [
                32.4572389125824,
                33.4709038734436,
                32.61261057853699,
                32.9333279132843,
                32.28909945487976
            ],
            [
                31.998055458068848,
                32.08233976364136,
                33.12505316734314,
                33.54761815071106,
                32.09901571273804
            ],
            [
                33.68674302101135,
                32.47212839126587,
                32.135979890823364,
                31.803086280822754,
                32.564656019210815
            ],
            [
                33.648396015167236,
                32.02788949012756,
                32.43241786956787,
                33.73149871826172,
                33.226011514663696
            ]
        ]
    },
    "MALA": {
        "lambdas": [
            [
                50.44807434082031,
                56.770263671875,
                53.56113815307617,
                58.9940185546875,
                51.5749397277832
            ],
            [
                82.34846496582031,
                88.04817199707031,
                86.43769073486328,
                91.58927917480469,
                83.38666534423828
            ],
            [
                139.86952209472656,
                141.77679443359375,
                141.62376403808594,
                141.63909912109375,
                135.15985107421875
            ],
            [
                219.56593322753906,
                215.56591796875,
                217.02134704589844,
                217.24588012695312,
                207.61856079101562
            ],
            [
                300.5058288574219,
                293.9537658691406,
                302.910400390625,
                308.1272277832031,
                275.41015625
            ],
            [
                355.89202880859375,
                358.1321105957031,
                369.1020812988281,
                369.27911376953125,
                343.0865783691406
            ],
            [
                352.4219055175781,
                345.0095520019531,
                347.5590515136719,
                355.29193115234375,
                345.3625183105469
            ]
        ],
        "times": [
            [
                322.0246331691742,
                317.98200130462646,
                321.9629626274109,
                321.6508927345276,
                323.8936080932617
            ],
            [
                328.3618640899658,
                214.82731652259827,
                95.11934041976929,
                213.74442982673645,
                213.8702564239502
            ],
            [
                215.41528844833374,
                214.84855699539185,
                214.1477770805359,
                215.22088623046875,
                213.16329979896545
            ],
            [
                230.1003017425537,
                228.94415950775146,
                230.35093355178833,
                227.01857805252075,
                227.46654200553894
            ],
            [
                273.6828966140747,
                272.72760701179504,
                269.8833963871002,
                273.35159492492676,
                271.9844448566437
            ],
            [
                382.2019579410553,
                382.63348960876465,
                381.5964562892914,
                381.2685797214508,
                384.88666677474976
            ],
            [
                1054.4247555732727,
                1052.1668529510498,
                1049.0516211986542,
                1088.828677892685,
                1058.6680824756622
            ]
        ]
    }
}